{"count":1,"gauges":{},"self":3.095195,"total":3.2494821,"children":{"AgentSendState":{"count":142,"self":0.0082709999999999988,"total":0.011279599999999999,"children":{"CollectObservations":{"count":348,"self":0.0030085999999999997,"total":0.0030085999999999997,"children":null}}},"DecideAction":{"count":142,"self":0.1370089,"total":0.1370089,"children":null},"AgentAct":{"count":142,"self":0.0050003999999999995,"total":0.0050003999999999995,"children":null}}}