{"count":1,"gauges":{"Walker.CumulativeReward":{"count":141435,"max":2489.19482,"min":-4.653632,"value":287.1484,"weightedAverage":359.879181}},"self":20805.6270848,"total":33518.8986789,"children":{"AgentSendState":{"count":2513659,"self":603.950848,"total":3813.7094997,"children":{"CollectObservations":{"count":30666652,"self":3209.75872,"total":3209.7586724999996,"children":null}}},"DecideAction":{"count":2513659,"self":7113.4314496,"total":7113.4314268,"children":null},"AgentAct":{"count":2513659,"self":1786.1289984,"total":1786.129091,"children":null}}}