{"count":1,"gauges":{"Walker.CumulativeReward":{"count":194,"max":1776.29626,"min":-1,"value":-1,"weightedAverage":155.060669}},"self":175.06967039999998,"total":189.7507919,"children":{"AgentSendState":{"count":14207,"self":0.47609779999999996,"total":2.2591516,"children":{"CollectObservations":{"count":31262,"self":1.7830538,"total":1.7830538,"children":null}}},"DecideAction":{"count":14207,"self":11.077767999999999,"total":11.0777682,"children":null},"AgentAct":{"count":14207,"self":1.3432077999999998,"total":1.3432077999999998,"children":null}}}